Problem,f_star,h_norm,Status,Iter,Time_s
10FOLDTRLS,-1.7927390734237473e19,0.0,max_iter,3000,170.83066
3PK,1.7201185695794534,0.0,first_order,11,0.0058627
AIRCRFTB,4.78809663053694e-25,0.0,first_order,15,0.0039876
AKIVA,6.166042212417747,0.0,first_order,6,0.0018476
ALJAZZAF,37438.76051559963,1.0388810129908043e-9,first_order,40,0.0350335
ALLINIT,16.705968432879903,0.0,first_order,11,0.0029228
ALLINITC,30.492607407405625,8.881784197001252e-16,first_order,22,0.0049135
ALLINITU,5.744384910320336,0.0,first_order,14,0.0047746
ALSOTAME,0.08208499991347047,0.0,first_order,8,0.0023137
ARGLINA,200.00000000000057,0.0,first_order,1,0.0856701
ARGLINB,99.6254681605051,0.0,first_order,2,0.1478512
ARGLINC,101.12547051500593,0.0,first_order,2,0.1376804
ARGTRIGLS,5.896893038708107e-26,0.0,first_order,5,0.1754549
ARWHEAD,0.0,0.0,first_order,6,0.0236384
BA-L1LS,7.643248672982592e-21,0.0,first_order,10,0.00388
BA-L1SPLS,6.476162279631977e-17,0.0,first_order,9,0.0066283
BA-L21LS,549067.5063046378,0.0,small_step,879,360.6997142
BA-L49LS,1.8487495940177424e6,0.0,max_iter,3000,1214.6989703
BA-L73LS,1.6860971984209358e6,0.0,small_step,1047,628.1980612
BARD,0.008214877306578971,0.0,first_order,8,0.0024548
BDEXP,1.6121549674331498e-6,0.0,first_order,18,0.0792348
BDQRTIC,20006.256878434804,0.0,first_order,9,0.0428684
BEALE,4.342569706621168e-18,0.0,first_order,8,0.0026495
BENNETT5LS,0.0005563289149134802,0.0,first_order,21,0.0080808
BIGGS3,3.0311416912079652e-21,0.0,first_order,9,0.0049282
BIGGS5,1.088200339763381e-19,0.0,first_order,20,0.0060748
BIGGS6,3.8015936877592785e-18,0.0,first_order,78,0.018458
BIGGSB1,0.015004595504668018,0.0,first_order,17,0.0477833
BLEACHNG,18241.021793590822,0.0,max_iter,3000,10996.3542784
BOX,-1864.5379265659735,0.0,first_order,4,0.1526627
BOX2,6.251240293067063e-23,0.0,first_order,8,0.0031652
BOX3,6.268087486549713e-23,0.0,first_order,9,0.0040885
BOXBODLS,9771.499999995705,0.0,first_order,13,0.00461
BOXPOWER,2.1776621236357528e-7,0.0,first_order,14,0.4924392
BQP1VAR,-7.443446952705308e-9,0.0,first_order,5,0.0024326
BQPGABIM,-3.7891869553536726e-5,0.0,first_order,15,0.0058934
BQPGASIM,-5.516937230882913e-5,0.0,first_order,15,0.0061374
BQPGAUSS,-0.3625778626122014,0.0,first_order,23,0.0671087
BRANIN,0.39788735770000017,0.0,first_order,8,0.0039998
BRATU1D,-8.516223879213355,0.0,first_order,3,0.0169648
BRKMCC,0.16904267919645033,0.0,first_order,3,0.0020118
BROWNAL,1.1177845502596604e-21,0.0,first_order,5,0.1713053
BROWNBS,0.0,0.0,first_order,7,0.0025528
BROWNDEN,85822.20162468986,0.0,first_order,8,0.00336
BROYDN3DLS,1.9174250377528218e-28,0.0,first_order,6,0.0184471
BROYDN7D,1504.0355113399862,0.0,first_order,109,0.7836385
BROYDNBDLS,4.292930616435618e-21,0.0,first_order,11,0.0706527
BRYBND,4.292930616435618e-21,0.0,first_order,11,0.06915
BT1,-0.9999999999974847,2.5313084961453626e-14,first_order,7,0.0034301
BT13,-7.494096440320008e-9,3.868262850042682e-8,first_order,24,0.0066861
BT2,0.03256820039326121,2.185807090882008e-12,first_order,12,0.0034222
BURKEHAN,-4.212881211893536e-6,1.0000000000177485,infeasible,16,0.0088823
CAMEL6,-1.0316284534898776,0.0,first_order,10,0.0037475
CANTILVR,1.339956358630003,4.40851297134337e-9,first_order,11,0.0032881
CERI651ALS,334.8152306162555,0.0,first_order,97,0.0285997
CERI651BLS,95.89532212947414,0.0,first_order,57,0.0162025
CERI651CLS,56.57971242543892,0.0,first_order,52,0.0137339
CERI651DLS,14.017528352212521,0.0,first_order,63,0.0192253
CERI651ELS,23.683721267197093,0.0,first_order,44,0.0109701
CHAINWOO,1.0,0.0,first_order,208,0.8480232
CHARDIS0,7.720470745833246e-25,0.0,first_order,6,0.8217641
CHARDIS02,1.9923406587319425e6,0.0,first_order,523,244.663097
CHEBYQAD,0.0048776964278456295,0.0,first_order,278,2.0752696
CHENHARK,-2.000002381536994,0.0,first_order,19,0.0545844
CHNROSNB,1.5393688671773364e-22,0.0,first_order,42,0.0129817
CHNRSNBM,1.1447780030815297e-30,0.0,first_order,54,0.0181206
CHWIRUT1LS,2384.4771393093497,0.0,first_order,6,0.0032488
CHWIRUT2LS,513.0480294068655,0.0,first_order,6,0.0023372
CLIFF,0.20723801191442193,0.0,first_order,23,0.0050823
CLPLATEA,-0.012592094845160065,0.0,first_order,6,0.033498
CLPLATEB,-0.005094786977833998,0.0,first_order,3,0.0177817
CLPLATEC,-0.005020724226847853,0.0,first_order,2,0.0116702
CLUSTERLS,2.724155192058604e-18,0.0,first_order,17,0.0042389
COATING,0.5054986186685113,0.0,first_order,26,0.0131138
COOLHANSLS,1.2081315149965622e-18,0.0,first_order,25,0.0077051
COSINE,-9999.0,0.0,first_order,12,0.1151532
CRAGGLVY,1688.2153097145651,0.0,first_order,14,0.051613
CUBE,1.753567842530729e-24,0.0,first_order,27,0.0070472
CURLY10,-1.0031629024131879e6,0.0,first_order,22,0.5579691
CURLY20,-1.0031629024131879e6,0.0,first_order,26,1.602648
CURLY30,-1.0031629024131879e6,0.0,first_order,30,3.3283436
CVXBQP1,2.2500220631518364e8,0.0,first_order,13,3.0716762
CYCLIC3LS,0.018960561917769445,0.0,first_order,1225,85.6962926
CYCLOOCFLS,6.813886952380805e-21,0.0,first_order,214,10.3245197
CYCLOOCTLS,2.4092280305726332e-17,0.0,first_order,200,9.8944982
DANIWOODLS,0.004317308408291023,0.0,first_order,10,0.0033056
DANWOODLS,0.004317308408291111,0.0,first_order,11,0.0051097
DECONVB,6.99025123003253e-10,0.0,max_iter,3000,1.3821569
DECONVC,0.0025694959951726337,9.254381226860744e-16,first_order,82,0.0321596
DECONVU,5.118137801861015e-11,0.0,first_order,167,0.0708121
DEGDIAG,16666.582925130177,0.0,first_order,15,1.7859987
DEGTRID,-99999.50000003827,0.0,first_order,19,1.5802875
DEGTRID2,-99999.49984071533,0.0,first_order,15,0.9573997
DEGTRIDL,0.5000000184518285,1.3074977767146834e-9,first_order,14,0.9955998
DENSCHNA,1.1028370907335776e-23,0.0,first_order,6,0.0019122
DENSCHNB,9.860761315262648e-32,0.0,first_order,7,0.0036317
DENSCHNC,2.1776793722057478e-20,0.0,first_order,10,0.0026153
DENSCHND,0.0002221899226092001,0.0,first_order,26,0.0063724
DENSCHNE,1.8605531364739017e-17,0.0,first_order,14,0.005645
DENSCHNF,6.513246219830206e-22,0.0,first_order,6,0.0019916
DEVGLA1,8.215586404535257e-18,0.0,first_order,23,0.0100759
DEVGLA1B,4.308427484490356e-17,0.0,first_order,22,0.0072346
DEVGLA2,6.672492633851269e-19,0.0,first_order,13,0.0045004
DEVGLA2B,5055.685950868408,0.0,first_order,19,0.0073536
DGOSPEC,-993.3506218481666,0.0,first_order,33,0.0098328
DIAGIQB,-1.0149994102030584e13,0.0,first_order,78,0.0331709
DIAGIQE,-6.237499951357436e16,0.0,first_order,1900,4.6181271
DIAGIQT,-3.464270821392853e16,0.0,first_order,1318,3.1629635
DIAGNQB,-3.330837485727153e17,0.0,first_order,2321,5.5975489
DIAGNQE,-2.5024949905104803e17,0.0,first_order,2764,6.6275011
DIAGNQT,-1.6674598459877824e17,0.0,max_iter,3000,7.1621195
DIAGPQB,-821.9672833407809,0.0,first_order,7,0.0117495
DIAGPQE,-3.7427354302751774,0.0,first_order,7,0.0147424
DIAGPQT,-502.04401053492586,0.0,first_order,7,0.0116268
DIAMON2DLS,638.2489410421662,0.0,first_order,2469,177.1303865
DIAMON3DLS,248.00803271006265,0.0,first_order,1597,246.2040707
DIXMAANA1,1.0,0.0,first_order,7,0.0026295
DIXMAANB,1.0,0.0,first_order,11,0.0284872
DIXMAANC,1.0,0.0,first_order,9,0.0243685
DIXMAAND,1.0,0.0,first_order,9,0.0267696
DIXMAANE1,1.0,0.0,first_order,10,0.0289917
DIXMAANF,1.0,0.0,first_order,19,0.0530411
DIXMAANG,1.0,0.0,first_order,16,0.0424803
DIXMAANH,1.0,0.0,first_order,19,0.0534902
DIXMAANI1,1.0,0.0,first_order,18,0.052673
DIXMAANJ,1.0000000000000127,0.0,first_order,20,0.0563374
DIXMAANK,1.0,0.0,first_order,24,0.0691817
DIXMAANL,1.000000000000004,0.0,first_order,27,0.075869
DIXMAANM1,1.0,0.0,first_order,11,0.0309429
DIXMAANN,1.000000000029492,0.0,first_order,25,0.0667479
DIXMAANO,1.0000000000000002,0.0,first_order,25,0.0652132
DIXMAANP,1.0000000000000184,0.0,first_order,28,0.075657
DIXON3DQ,0.0,0.0,first_order,1,0.008563
DJTL,-8951.544723747418,0.0,first_order,1524,0.2651234
DMN15102LS,542.1441390931767,0.0,first_order,1498,105.9779365
DMN15103LS,150.61589504529582,0.0,first_order,2532,385.8053566
DMN15332LS,158.8806585569626,0.0,max_iter,3000,197.980161
DMN15333LS,89.09925120820516,0.0,first_order,1735,266.5564054
DMN37142LS,186.87203532873858,0.0,max_iter,3000,205.618077
DMN37143LS,109.08701569976503,0.0,first_order,1599,250.5618363
DQDRTIC,1.9810190596272135e-25,0.0,first_order,1,0.0086617
DQRTIC,39.35731790441523,0.0,first_order,23,0.2011937
DRCAV1LQ,1.4009733280513866e-18,0.0,first_order,94,2.3846206
DRCAV2LQ,4.727781403955684e-8,0.0,first_order,167,4.1000417
DRCAV3LQ,1.3713401232463943e-6,0.0,first_order,487,13.1150964
DUAL1,0.03501298595774627,4.847980897511371e-16,first_order,16,0.007754
DUAL2,0.033733680487010885,1.5439038936193583e-16,first_order,13,0.0072965
DUAL3,0.13575584285357695,6.26560435479373e-16,first_order,14,0.0107566
DUAL4,0.74609065159557,3.441257695468991e-16,first_order,13,0.0058245
ECKERLE4LS,0.0014635887487276851,0.0,first_order,36,0.0095395
EDENSCH,12003.284592020766,0.0,first_order,12,0.0169
EG1,-1.429306766743521,0.0,first_order,7,0.00202
EG2,-998.9473933009452,0.0,first_order,4,0.0055064
EGGCRATE,9.488197339106257,0.0,first_order,5,0.0025013
EGGCRATEB,9.488197339106259,0.0,first_order,7,0.0028493
EIGENALS,2.524354896707238e-28,0.0,first_order,94,71.1528344
EIGENBLS,1.1090873964414942e-19,0.0,first_order,576,268.7646105
EIGENCLS,3.7343714046780835e-28,0.0,first_order,883,714.051798
ELATVIDU,54.75111864223102,0.0,first_order,11,0.0028715
ELATVIDUB,54.75111864223102,0.0,first_order,11,0.0048226
ENGVAL1,5548.6684194161835,0.0,first_order,8,0.0245373
ENGVAL2,1.7003489411492748e-20,0.0,first_order,21,0.0060875
ENSOLS,788.539786683238,0.0,first_order,7,0.0071138
ERRINROS,40.40449072853507,0.0,first_order,28,0.0087555
ERRINRSM,38.51944529696651,0.0,first_order,40,0.0146213
EXP2,5.035086756888561e-21,0.0,first_order,7,0.0023711
EXP2B,2.1776249425217683e-18,0.0,first_order,7,0.0023209
EXPFIT,0.24051059399905803,0.0,first_order,8,0.003741
EXPLIN,-7.192548471571772e7,0.0,first_order,57,0.135588
EXPLIN2,-7.199883439679231e7,0.0,first_order,25,0.0471886
EXPQUAD,-3.6849405523112745e9,0.0,first_order,32,0.0317688
EXTRASIM,0.9999999925059035,0.0,first_order,5,0.0030801
EXTROSNB,1.2871428102363105e-9,0.0,acceptable,2808,2.1567896
FBRAIN2LS,0.3683881780713322,0.0,first_order,15,0.0737754
FBRAIN3LS,0.2419903812667809,0.0,max_iter,3000,23.4939945
FBRAINLS,0.41660294451514424,0.0,first_order,8,0.0206659
FLETBV3M,-224962.91989522328,0.0,first_order,235,1.4775534
FLETCBV2,-0.5002863175115081,0.0,first_order,1,0.0062777
FLETCBV3,-8.257970671102688e6,0.0,max_iter,3000,15.5880066
FLETCHBV,-8.259395952823002e14,0.0,max_iter,3000,15.7690923
FLETCHCR,1.4514467499315168e-25,0.0,first_order,1477,1.240412
FMINSRF2,3.509418314064398e26,0.0,unknown,39,0.4503489
FMINSURF,1.0000000000003921,0.0,first_order,51,176.6779859
FREUROTH,608159.1890463781,0.0,first_order,8,0.0408083
GAUSS1LS,1315.8222432033779,0.0,first_order,5,0.0026598
GAUSS2LS,1247.5282092309967,0.0,first_order,5,0.0032646
GAUSS3LS,1244.484636013158,0.0,first_order,11,0.0063013
GAUSSIAN,1.1279327696199949e-8,0.0,first_order,2,0.0013057
GBRAINLS,28.51585717846504,0.0,first_order,6,0.0153695
GENHUMPS,8.093788274469122e7,0.0,max_iter,3000,19.7254367
GENROSE,1.0,0.0,first_order,387,0.2696324
GENROSEB,1593.9448451904996,0.0,first_order,15,0.009521
GILBERT,2459.4682654191292,1.7434643290440642e-12,first_order,23,0.0672303
GRIDGENA,23520.0,0.0,first_order,7,0.0936187
GROWTHLS,1.004040584104697,0.0,first_order,70,0.0178162
GULF,3.4007735516663707e-22,0.0,first_order,28,0.0119445
HADAMALS,61.39083285577782,0.0,first_order,181,1.466719
HAHN1LS,33.38424367080125,0.0,first_order,78,0.0369344
HAIRY,20.0,0.0,first_order,60,0.0151769
HARKERP2,-0.47086601340956385,0.0,first_order,23,44.1339969
HART6,-3.3228868915893175,0.0,first_order,8,0.0026332
HATFLDA,7.237037185321519e-16,0.0,first_order,10,0.0029374
HATFLDB,0.005572811775658142,0.0,first_order,10,0.0032569
HATFLDC,2.921508994888537e-17,0.0,first_order,5,0.0019403
HATFLDD,6.615113918651066e-8,0.0,first_order,21,0.005909
HATFLDE,5.120376936627018e-7,0.0,first_order,20,0.0056803
HATFLDFL,6.016652068342551e-5,0.0,max_iter,3000,0.8213606
HATFLDFLS,3.786214953452239e-18,0.0,first_order,36,0.0112666
HATFLDGLS,5.453448091319123e-27,0.0,first_order,14,0.0052586
HEART6LS,8.845586907300849e-23,0.0,first_order,880,0.2304294
HEART8LS,3.878052536018138e-29,0.0,first_order,106,0.0323218
HELIX,6.057699103279833e-25,0.0,first_order,13,0.0037683
HIELOW,874.1654321149708,0.0,first_order,8,0.0320987
HILBERTA,2.9582283948154526e-31,0.0,first_order,1,0.0010353
HILBERTB,3.9471158664871084e-30,0.0,first_order,1,0.001692
HIMMELBB,1.401396563648365e-17,0.0,first_order,18,0.0050542
HIMMELBCLS,5.804004667118333e-25,0.0,first_order,6,0.0031218
HIMMELBF,318.5717487911235,0.0,first_order,75,0.0187973
HIMMELBG,3.632999572711172e-22,0.0,first_order,6,0.0023306
HIMMELBH,-1.0,0.0,first_order,4,0.0019034
HIMMELP1,-62.053935062796654,0.0,first_order,11,0.0043091
HIMMELP2,-8.198044053408296,2.450069587212056e-7,first_order,18,0.0053885
HOLMES,1248.1503406700597,0.0,first_order,12,2.671825
HONG,22.57108736348906,0.0,first_order,8,0.0025475
HS1,5.894625883578654e-16,0.0,first_order,25,0.0073225
HS10,-1.0000000024923952,4.98479035826449e-9,first_order,12,0.0033888
HS105,1136.3073035679738,0.14823696870374248,first_order,21,0.0105211
HS11,-8.498464251141828,9.178137361232075e-9,first_order,8,0.0027039
HS110,-45.77847553188681,0.0,first_order,6,0.0020683
HS12,-30.000000002494005,4.988008228679064e-9,first_order,8,0.0027253
HS13,0.9945785393054417,9.999975682874699e-9,first_order,55,0.0125395
HS2,4.941229350827609,0.0,first_order,11,0.0029945
HS21,-99.95999999833396,10.000000416640534,first_order,8,0.0028497
HS21MOD,-95.96000007578512,10.000000027318173,first_order,16,0.0046214
HS25,8.527746272115812e-16,0.0,first_order,36,0.0142267
HS26,1.291383804855021e-16,6.392172791080952e-9,first_order,25,0.005902
HS27,0.039999999967995886,8.001028734692943e-10,first_order,57,0.0135806
HS28,1.232595164407831e-30,2.220446049250313e-16,first_order,1,0.0022628
HS29,-22.627417002534756,6.456215118078035e-9,first_order,8,0.0028911
HS3,-7.494096406374967e-9,0.0,first_order,4,0.001816
HS30,0.9999999927513215,7.248678541515534e-9,first_order,8,0.0029179
HS31,5.999999942505262,9.582456272916318e-9,first_order,7,0.0028518
HS35,0.11111111143556118,1.4600257669528105e-9,first_order,7,0.0033182
HS35I,0.11111111145665986,1.554971595929544e-9,first_order,7,0.0033025
HS35MOD,0.25000000206287565,0.0001015597287923331,first_order,15,0.0049349
HS36,-3300.0000208924816,9.977217274581562e-9,first_order,12,0.0044519
HS38,2.7612472542313997e-19,0.0,first_order,40,0.0095378
HS3MOD,-7.494096406374967e-9,0.0,first_order,5,0.0018572
HS4,2.66666662165267,0.0,first_order,5,0.0019836
HS41,1.925925926147606,0.0,first_order,9,0.002922
HS45,0.9999999624849087,0.0,first_order,7,0.0036647
HS5,-1.9132229549810358,0.0,first_order,8,0.0029881
HS54,-0.9080747577631832,9.094947017729282e-13,first_order,15,0.0059333
HS57,0.030647619047619267,12750.598735522799,first_order,22,0.0058903
HS6,0.0,0.0,first_order,5,0.0023149
HS60,0.0325682002537903,2.220446049250313e-16,first_order,7,0.0036282
HS62,-26272.514647971588,3.469446951953614e-17,first_order,7,0.003152
HS64,6299.842408692667,8.437241239001025e-9,first_order,17,0.0052107
HS65,0.9535288584755583,2.0435823699926914e-8,first_order,28,0.0090347
HS7,-1.7320508075689496,2.504663143554353e-13,first_order,27,0.0090338
HS70,0.007498463574427781,1.7072567313735147,first_order,32,0.0098239
HS88,1.3626462201732876,9.997621073227331e-9,first_order,16,0.0080522
HS89,1.3626462201730363,9.997621287899361e-9,first_order,20,0.0124062
HS9,-0.5000000000000142,2.2737367544323206e-13,first_order,3,0.001981
HS90,1.3626462201686673,9.997625405699213e-9,first_order,21,0.0131732
HS91,1.3626462201719944,9.99762228514852e-9,first_order,14,0.009542
HS92,1.3626462200178293,9.997767779659056e-9,first_order,19,0.0145107
HUBFIT,0.01689349544870828,1.2423889084178796e-8,first_order,8,0.0029619
HUMPS,2.4609299123558984e-17,0.0,first_order,373,0.0870931
HYDC20LS,7.302967659804101e-19,0.0,first_order,646,0.2707919
HYDCAR6LS,5.3306476166082225e-19,0.0,first_order,147,0.0467516
INDEF,-7.685685864862015e19,0.0,small_step,81,1.4990053
INDEFM,-1.0049998975327484e7,0.0,small_step,59,20.8249453
INTEQNELS,1.4865389412713493e-20,0.0,first_order,3,1.9950452
JENSMP,124.36218235561482,0.0,first_order,9,0.0025175
JIMACK,0.8667932952842302,0.0,first_order,18,1.4349086
JNLBRNG1,-0.22473501440980215,0.0,first_order,6,0.0025981
JNLBRNG2,-4.148642917164585,0.0,first_order,15,0.1908667
JNLBRNGA,-0.2710983869191776,0.0,first_order,13,0.1690918
JNLBRNGB,-6.300675790800899,0.0,first_order,15,0.1940306
JUDGE,16.081730132960395,0.0,first_order,9,0.0024695
JUDGEB,16.08173013296039,0.0,first_order,9,0.0028666
KIRBY2LS,3.9050739623908766,0.0,first_order,11,0.0036304
KOEBHELB,77.51634735581239,0.0,first_order,350,0.120373
KOWOSB,0.0003078009467333215,0.0,first_order,8,0.0043735
KSSLS,6.240618336581186e-8,0.0,first_order,7,43.4843355
LANCZOS1LS,1.7921804701392136e-20,0.0,first_order,115,0.0338835
LANCZOS2LS,2.229942814467332e-11,0.0,first_order,101,0.028237
LANCZOS3LS,1.611719359619621e-8,0.0,first_order,170,0.0503838
LCH,-4.311251625162421,4.996003610813204e-16,acceptable,35,0.1302112
LEVYMONT,154.8856742090911,0.0,first_order,5,0.0022765
LEVYMONT10,163.70092200224957,0.0,first_order,5,0.0023719
LEVYMONT5,7.773811079395945,0.0,first_order,12,0.0039236
LEVYMONT6,12.502860200858233,0.0,first_order,9,0.0029021
LEVYMONT7,12.510759059487098,0.0,first_order,9,0.0027622
LEVYMONT8,173.49564177241558,0.0,first_order,5,0.0022459
LEVYMONT9,166.1496019447949,0.0,first_order,5,0.002232
LIARWHD,6.3807754778159845e-22,0.0,first_order,12,0.0421701
LINVERSE,681.0000003095462,0.0,first_order,1116,2.5686721
LMINSURF,9.000000000006693,0.0,first_order,57,0.4775358
LOGHAIRY,0.1823215567939546,0.0,first_order,2531,0.6129744
LOGROS,0.0,0.0,first_order,65,0.018627
LRA9A,0.3834896893313977,0.0,first_order,14,0.6078971
LRIJCNN1,0.2671575611460345,0.0,first_order,11,0.662528
LRW1A,0.2846106338030911,0.0,first_order,353,1.7215706
LRW8A,2.422228493428324,0.0,first_order,26,2.186602
LSC1LS,7.711852238819957,0.0,first_order,16,0.0045461
LSC2LS,13.334195005002465,0.0,first_order,39,0.0089004
LSQFIT,0.03378698824553268,1.5094260286119265e-9,first_order,7,0.0025066
LUKSAN11LS,8.987521713454625e-21,0.0,first_order,333,0.0878595
LUKSAN12LS,4292.196891406493,0.0,first_order,25,0.0092989
LUKSAN13LS,25188.85958964516,0.0,first_order,19,0.0081256
LUKSAN14LS,123.92354076450319,0.0,first_order,11,0.003663
LUKSAN15LS,3.569697049434426,0.0,first_order,9,0.0073711
LUKSAN16LS,3.5696970494344247,0.0,first_order,6,0.0042248
LUKSAN17LS,0.4931612903225932,0.0,first_order,16,0.0127579
LUKSAN21LS,2.610386606416208e-17,0.0,first_order,11,0.0043671
LUKSAN22LC,873.940477526942,0.0,first_order,16,0.0058802
LUKSAN22LS,868.940477526942,0.0,first_order,16,0.0058948
MANCINO,1.813759898497304e-21,0.0,first_order,18,0.2048153
MARATOS,-1.0000000000000009,1.776356839400253e-15,first_order,4,0.0017991
MARATOSB,-1.0000000624999923,0.0,first_order,670,0.1482256
MAXLIKA,1136.307296890911,0.0,first_order,28,0.0153934
MCCORMCK,-4566.580552811712,0.0,first_order,7,0.0383585
MDHOLE,-2.2616636803058596e-9,0.0,first_order,43,0.0096393
METHANB8LS,1.3668099203342524e-25,0.0,first_order,8,0.002686
METHANL8LS,5.699980067554132e-17,0.0,first_order,40,0.0159785
MEXHAT,-0.04000999932268287,0.0,first_order,26,0.0052695
MEYER3,87.94585517119073,0.0,first_order,195,0.0705256
MGH09LS,0.0003075056038492367,0.0,first_order,73,0.0169705
MGH10LS,87.94585517082336,0.0,first_order,1798,0.4600739
MGH10SLS,87.9458551710052,0.0,first_order,355,0.0798951
MGH17LS,7.897142280013293e-5,0.0,first_order,46,0.0138762
MGH17SLS,0.024517933814213074,0.0,first_order,39,0.011825
MINSURF,0.9999999999849987,0.0,first_order,4,0.0024697
MINSURFO,2.50695142471198,0.0,first_order,73,0.6970597
MISRA1ALS,0.12455138894441994,0.0,first_order,40,0.009781
MISRA1BLS,0.07546468153339805,0.0,first_order,34,0.0096714
MISRA1CLS,0.0409668369707082,0.0,first_order,14,0.0035747
MISRA1DLS,0.05641929528264893,0.0,first_order,30,0.0086266
MODBEALE,1.46225650845057e-22,0.0,first_order,9,0.177683
MOREBV,5.832743209242497e-15,0.0,first_order,1,0.0053072
MSQRTALS,4.2236977307472786e-16,0.0,first_order,24,2.3442691
MSQRTBLS,1.3651884122017923e-21,0.0,first_order,24,2.2187403
MUONSINELS,43874.11691951925,0.0,first_order,8,0.0044568
NCB20,-1456.6256870899053,0.0,first_order,142,4.0460351
NCB20B,7351.300584946277,0.0,first_order,16,0.541995
NCVXBQP1,-1.985543885382677e10,0.0,first_order,143,3.2196613
NCVXBQP2,-1.331510495966028e10,0.0,first_order,455,10.4376525
NCVXBQP3,-6.43765245463444e9,0.0,first_order,741,16.9569826
NELSONLS,3.7976833175758906,0.0,small_step,69,0.0206331
NLMSURF,38.94898491092944,0.0,first_order,60,0.5288116
NOBNDTOR,-0.44993098171303186,0.0,first_order,14,0.0939434
NONCVXU2,11584.336352998747,0.0,first_order,2448,914.851436
NONCVXUN,11600.955582981373,0.0,first_order,2427,26.8990223
NONDIA,5.22613469295093e-13,0.0,first_order,7,0.0295301
NONDQUAR,2.0694768070533908e-10,0.0,first_order,19,0.0565996
NONMSQRT,1871.2255473128607,0.0,max_iter,3000,337.393446
NONSCOMP,1.2332031611104566e-5,0.0,first_order,21,0.080484
OBSTCLAE,1.8864725935927826,0.0,first_order,17,0.2198865
OBSTCLAL,1.8864725218460496,0.0,first_order,18,0.2418235
OBSTCLBL,7.272157966019538,0.0,first_order,17,0.2255092
OBSTCLBM,7.27215794273575,0.0,first_order,13,0.170326
OBSTCLBU,7.272162085627987,0.0,first_order,18,0.231988
ODC,-0.01137179690401299,0.0,acceptable,83,0.5378611
ODNAMUR,9236.571381492944,0.0,first_order,38,90.2117098
OSBORNEA,5.464894697482831e-5,0.0,first_order,64,0.0173983
OSBORNEB,0.04013773629354768,0.0,first_order,19,0.0066955
OSCIGRAD,7.141465280144904e-13,0.0,first_order,9,0.9499976
OSCIPATH,0.9999666655201663,0.0,first_order,2,0.0023923
OSLBQP,6.249999903292234,0.0,first_order,14,0.0040698
PALMER1,11754.602545361962,0.0,first_order,689,0.1884014
PALMER1A,0.08988363337750055,0.0,first_order,45,0.0136686
PALMER1B,3.4473546305350404,0.0,first_order,20,0.0066179
PALMER1C,0.09759806253415146,0.0,first_order,1,0.00162
PALMER1D,0.6526826233882881,0.0,first_order,1,0.0011251
PALMER1E,0.000835269137014154,0.0,first_order,43,0.011779
PALMER2,3651.097535489115,0.0,first_order,898,0.2272131
PALMER2A,0.017109717027205287,0.0,first_order,89,0.023869
PALMER2B,0.6232669721642202,0.0,first_order,18,0.0051369
PALMER2C,0.014368888439744746,0.0,first_order,1,0.0010068
PALMER2E,0.0002065009905944821,0.0,first_order,17,0.0062104
PALMER3,2265.9582182630634,0.0,first_order,164,0.0419657
PALMER3A,0.020431422977994544,0.0,first_order,78,0.0205538
PALMER3B,4.227647252562895,0.0,first_order,14,0.0050029
PALMER3C,0.01953763808171614,0.0,first_order,1,0.0013695
PALMER3E,5.0740973845808856e-5,0.0,first_order,29,0.0082209
PALMER4,2285.3832254290064,0.0,first_order,330,0.0861358
PALMER4A,0.040606139380306404,0.0,first_order,56,0.0147549
PALMER4B,6.8351386020013924,0.0,first_order,15,0.0056256
PALMER4C,0.050310694853171176,0.0,first_order,1,0.0014099
PALMER4E,0.00014800423710505637,0.0,first_order,30,0.0077098
PALMER5A,0.03904078082429362,0.0,max_iter,3000,0.9776665
PALMER5B,0.009752498636605461,0.0,first_order,79,0.0228507
PALMER5C,2.128086666023399,0.0,first_order,1,0.0010394
PALMER5D,87.33939945055252,0.0,first_order,1,0.0012479
PALMER5E,0.020881417124192395,0.0,max_iter,3000,0.75913
PALMER6A,0.055948838974094584,0.0,first_order,121,0.0296111
PALMER6C,0.016387421452315195,0.0,first_order,1,0.0010139
PALMER6E,0.0002239550653187036,0.0,first_order,30,0.0081456
PALMER7A,10.334907358325584,0.0,max_iter,3000,0.7496503
PALMER7C,0.6019856410925246,0.0,first_order,1,0.001047
PALMER7E,6.57705051068393,0.0,max_iter,3000,0.9942747
PALMER8A,0.07400969795113,0.0,first_order,45,0.0126127
PALMER8C,0.15976806821346468,0.0,first_order,1,0.001023
PALMER8E,0.0063393075420725776,0.0,first_order,23,0.0063887
PARKCH,1623.7432582173212,0.0,first_order,17,3.8614198
PATTERNLS,0.001184951950841355,0.0,acceptable,31,205.9340369
PENALTY1,6.439497814397923,0.0,first_order,23,0.7698844
PENALTY2,4.711627727552183e13,0.0,first_order,10,0.0146913
PENALTY3,0.0009971389770507813,0.0,first_order,19,0.3401633
PENTDI,-0.7500175738744006,0.0,first_order,15,0.0509452
PFIT1LS,9.527863834852783e-16,0.0,first_order,298,0.075467
PFIT2LS,1.2333737516182472e-15,0.0,first_order,100,0.0238308
PFIT3LS,2.138095897921746e-15,0.0,first_order,147,0.0363868
PFIT4LS,1.2720820449523917e-14,0.0,first_order,231,0.0560935
PORTFL1,0.020486289553529467,2.220446049250313e-16,first_order,9,0.0034942
PORTFL2,0.029689264840891138,8.326672684688674e-17,first_order,8,0.0026917
PORTFL3,0.03274971435810044,1.6653345369377348e-16,first_order,10,0.0040851
PORTFL4,0.026306956062028562,5.551115123125783e-17,first_order,9,0.0029023
PORTFL6,0.025791814065240053,0.0,first_order,8,0.0026793
PORTSQP,33331.33985603816,6.742124024283159e-15,first_order,23,4.4461258
POWELLBC,0.0,0.0,unknown,-1,0.0074361
POWELLBSLS,3.046427613409613e-23,0.0,first_order,90,0.0224113
POWELLSG,8.332977339376289e-9,0.0,first_order,19,0.051608
POWELLSQLS,1.2768224884818784e-20,0.0,first_order,10,0.0039987
POWER,0.031136227647969018,0.0,first_order,24,259.6672998
POWERSUM,37.4314466992563,0.0,first_order,10,0.0033188
POWERSUMB,37.4314466992563,0.0,first_order,11,0.0041853
PRICE3,2.3149082645314055e-17,0.0,first_order,11,0.0030441
PRICE3B,2.2635298788244783e-17,0.0,first_order,11,0.0037813
PRICE4,4.5971658112659684e-24,0.0,first_order,8,0.0029227
PRICE4B,2.58964831335146e-20,0.0,first_order,9,0.0027017
PROBPENL,3.981009608742335e-7,0.0,first_order,5,0.0333393
PSPDOC,2.4142135578104114,0.0,first_order,7,0.0028468
QING,4.322563330158534e-27,0.0,first_order,13,0.0075099
QINGB,1.284857199378723e-28,0.0,first_order,9,0.0027461
QR3DLS,5.515688680299441e-16,0.0,first_order,208,3.5405244
QRTQUAD,-1.219062775859122e9,0.0,first_order,406,1.7819623
QUARTC,39.35731790441523,0.0,first_order,23,0.2016166
QUDLIN,-1.2500000124954543e9,0.0,first_order,28,0.1313597
RAT42LS,8.056522933811292,0.0,first_order,28,0.0075271
RAT43LS,8786.404907963173,0.0,first_order,34,0.009721
RAYBENDL,-2.4371625415430846e9,0.0,unknown,34,0.1164154
RAYBENDS,-1.5150962137975082e9,0.0,unknown,26,0.6284587
RECIPELS,1.5856958095381714e-11,0.0,first_order,29,0.0077067
ROSENBR,3.743975643139474e-21,0.0,first_order,21,0.0049363
ROSENBRTU,0.0,0.0,first_order,86,0.0212884
ROSZMAN1LS,0.0004948484733096888,0.0,first_order,28,0.0084338
S308,0.7731990564929238,0.0,first_order,9,0.0030972
S316-322,334.31457505076196,5.551115123125783e-17,first_order,7,0.0030951
S368,-0.750000040000026,0.0,first_order,11,0.0039735
SANTALS,1.22435827050235e-5,0.0,first_order,33,0.0104721
SBRYBND,1.1735361977573024e-20,0.0,first_order,13,0.087988
SCHMVETT,-14994.0,0.0,first_order,3,0.0221323
SCOND1LS,0.000472656062252725,0.0,first_order,719,3.4121927
SCOSINE,-4998.999999999996,0.0,first_order,129,0.624015
SCURLY10,-1.0031628981786146e6,0.0,first_order,92,2.4267537
SCURLY20,-1.0031629024131834e6,0.0,first_order,86,5.6397086
SCURLY30,-1.0031629024118264e6,0.0,first_order,72,8.1449298
SENSORS,-1987.875,0.0,first_order,36,0.2896445
SIM2BQP,-7.471065817126856e-9,0.0,first_order,7,0.0020063
SIMBQP,-7.421860789345902e-9,0.0,first_order,7,0.0027122
SINEALI,-99900.96164870949,0.0,first_order,26,0.034618
SINEVAL,2.1340133465029083e-42,0.0,first_order,42,0.0099405
SINQUAD,-6.757013757335158e6,0.0,first_order,24,0.1435702
SINQUAD2,3.1722505250236904e-12,0.0,first_order,17,0.2818445
SISSER,6.331104380766743e-13,0.0,first_order,18,0.0044713
SISSER2,8.121606171542864e-13,0.0,first_order,20,0.0053185
SNAIL,3.8332571607616544e-30,0.0,first_order,63,0.0140257
SPARSINE,1.2952926749498298e-7,0.0,first_order,15,12.4885211
SPARSQUR,5.823314886144428e-7,0.0,first_order,19,33.1197057
SPECAN,6.613617807829526e-14,0.0,first_order,10,0.0425113
SPIN2LS,1.917062182032112e-21,0.0,first_order,9,0.0459344
SPINLS,2.5936663885926746e-20,0.0,first_order,66,5.3716345
SPMSRTLS,2.1342311174649867e-19,0.0,first_order,22,0.1191565
SROSENBR,3.3208232560234583e-25,0.0,first_order,14,0.0660219
SSBRYBND,2.3107933075013806e-21,0.0,first_order,21,0.1344594
SSC,-2.0781732755548226,0.0,first_order,2,0.0177399
SSCOSINE,-4999.0,0.0,first_order,71,0.4298683
SSI,1.3840922195064642e-9,0.0,max_iter,3000,0.6951408
STRATEC,2212.2622909073993,0.0,first_order,24,2.9816014
STREG,0.08901950131559325,0.0,first_order,13,0.0035021
STRTCHDV,1.0126398114761216e-12,0.0,first_order,19,0.0049065
STRTCHDVB,1.0365034016723367e-12,0.0,first_order,19,0.0056019
TAME,0.0,0.0,first_order,5,0.0018531
TESTQUAD,0.0,0.0,first_order,1,0.0013269
THURBERLS,5642.708239666893,0.0,first_order,19,0.0059545
TOINTGOR,1373.9054606636441,0.0,first_order,7,0.0027116
TOINTGSS,9.999999999860112,0.0,first_order,1,0.0058688
TOINTPSP,225.5604094218858,0.0,first_order,20,0.0065222
TOINTQOR,1175.472222146169,0.0,first_order,1,0.0011934
TORSION1,-0.4302716160472703,0.0,first_order,14,0.1158315
TORSION2,-0.43027158016716666,0.0,first_order,12,0.0848521
TORSION3,-1.2169530556628172,0.0,first_order,13,0.0920881
TORSION4,-1.2169475166079537,0.0,first_order,12,0.0849814
TORSION5,-2.8633674970194294,0.0,first_order,12,0.0849599
TORSION6,-2.8633674715884094,0.0,first_order,12,0.1062584
TORSIONA,-0.4182921309237155,0.0,first_order,14,0.1008801
TORSIONB,-0.4182921623643925,0.0,first_order,12,0.0900527
TORSIONC,-1.2042059248354244,0.0,first_order,13,0.0974877
TORSIOND,-1.204200476636796,0.0,first_order,12,0.1052702
TORSIONE,-2.8502441756988564,0.0,first_order,13,0.1045159
TORSIONF,-2.8502373890970305,0.0,first_order,12,0.0910591
TQUARTIC,4.715197314759961e-23,0.0,first_order,1,0.0112807
TRIDIA,3.439314909479037e-24,0.0,first_order,1,0.0074976
TRIGON1,7.0527857359029145e-25,0.0,first_order,8,0.0032683
TRIGON1B,8.57107404888038e-16,0.0,first_order,12,0.0034948
TRIGON2,3.240889838594074,0.0,first_order,16,0.0046146
TRIGON2B,3.240889838594074,0.0,first_order,16,0.0050752
TRY-B,1.5722080935482052e-18,8.597567102697212e-13,first_order,19,0.0049282
VANDANMSLS,7.79716338770778,0.0,first_order,20,0.0061178
VARDIM,1.7434204663389386e-6,0.0,first_order,27,0.0321161
VAREIGVL,1.6912254429587862e-12,0.0,first_order,19,36.8362847
VESUVIALS,991.4100028650445,0.0,first_order,48,0.0428418
VESUVIOLS,991.4100028650445,0.0,first_order,10,0.0109037
VESUVIOULS,0.4771137689335303,0.0,first_order,8,0.0083546
VIBRBEAM,0.3322376046050443,0.0,first_order,58,0.0211657
WALL10,-1.5618642441680066e6,0.0,first_order,39,0.1188731
WALL100,-8954.749106661124,0.0,first_order,14,5.4339579
WALL20,-3.6670734544908823e6,0.0,first_order,39,0.4403308
WALL50,-9.808149661613522e6,0.0,first_order,72,5.2854265
WATSON,2.1316883147292155e-9,0.0,first_order,21,0.0064503
WAYSEA1,2.694997714910621e-15,0.0,first_order,14,0.0033779
WAYSEA1B,3.5817476012579373e-13,0.0,first_order,14,0.0032985
WAYSEA2,9.84654053217842e-18,0.0,first_order,22,0.0056689
WAYSEA2B,9.862636629642363e-18,0.0,first_order,22,0.0047332
WEEDS,2.5872773952842056,0.0,first_order,25,0.0074717
WOODS,4.837166880918203e-24,0.0,first_order,40,0.1137375
YATP1CLS,2.540369484530258e9,0.0,unknown,0,15.3517189
YATP1LS,2.540369484530258e9,0.0,unknown,0,15.3345249
YATP2CLS,7.672672046768764e9,0.0,unknown,0,31.5963545
YATP2LS,2.4960052079258577e-30,0.0,first_order,17,0.0063912
YFIT,6.717567904293217e-13,0.0,first_order,83,0.0209292
YFITU,6.669720688629761e-13,0.0,first_order,36,0.0091972
ZANGWIL2,-18.200000000091,0.0,first_order,1,0.0015372
