Variant,Total_Problems,Solved_KKT,Success_Rate,Mean_Time_ms,Mean_Iterations
2P_SAR0_PH1_ATR0_RRU1_SQP_QUASI_NEWTON,536,309,57.649253731343286,738.9273947993528,85.58252427184466
2P_SAR0_PH1_ATR0_RRU1_SQP_SPECTRAL,536,292,54.47761194029851,737.192622671233,93.71917808219177
2P_SAR0_PH1_ATR0_RRU1_SQP_IDENTITY,536,258,48.134328358208954,651.0314003449613,114.51162790697674
2P_SAR0_PH1_ATR0_RRU1_SQP_EXPONENTIAL,536,255,47.57462686567165,709.698432854902,77.11764705882354
2P_SAR0_PH1_ATR0_RRU1_SQP_RECIPROCAL,536,249,46.45522388059701,669.1501672048192,100.93574297188755
UNIF_SAR1_PH0_ATR0_SQP_QUASI_NEWTON,533,192,36.02251407129456,489.4777208177083,147.171875
UNIF_SAR1_PH0_ATR0_SQP_SPECTRAL,533,189,35.45966228893058,328.56359130158734,118.01587301587301
UNIF_SAR1_PH0_ATR0_SQP_EXPONENTIAL,533,136,25.515947467166978,502.03780522794113,171.24264705882354
UNIF_SAR1_PH0_ATR0_SQP_RECIPROCAL,533,131,24.577861163227016,370.30038000763363,149.83969465648855
UNIF_SAR1_PH0_ATR0_SQP_IDENTITY,533,127,23.827392120075046,156.7461069291339,136.28346456692913
